GROUP,PACKAGE,CLASS,INSTRUCTION_MISSED,INSTRUCTION_COVERED,BRANCH_MISSED,BRANCH_COVERED,LINE_MISSED,LINE_COVERED,COMPLEXITY_MISSED,COMPLEXITY_COVERED,METHOD_MISSED,METHOD_COVERED
Direct Energy Test Automation,com.test.functional,First,0,9,0,0,0,4,0,2,0,2
Direct Energy Test Automation,com.test.functional,Second,20,4,0,0,4,2,1,1,1,1
Direct Energy Test Automation,com.test.core,Test_Controller.new FilenameFilter() {...},0,10,0,0,0,3,0,2,0,2
Direct Energy Test Automation,com.test.core,TestRunner,0,42,0,0,0,10,0,1,0,1
Direct Energy Test Automation,com.test.core,Test_Controller,39,274,1,7,5,47,1,8,0,5
Direct Energy Test Automation,com.test.core,RunnerHelper,185,262,33,20,35,49,23,12,1,7
Direct Energy Test Automation,com.test.core,Runner,7,57,2,2,2,18,2,2,0,2
Direct Energy Test Automation,com.test.core,Launch,27,0,0,0,8,0,2,0,2,0
Direct Energy Test Automation,com.test.pageobjects,LandingPage,59,37,0,0,14,8,1,2,1,2
Direct Energy Test Automation,com.test.pageobjects,ReviewAndConfirmSignUp,7,88,1,1,2,21,1,3,0,3
Direct Energy Test Automation,com.test.pageobjects,CompanyAndLocationDetailsPage,183,297,1,1,31,51,3,4,2,4
Direct Energy Test Automation,com.test.pageobjects,EnergyRatesPage,0,69,1,1,0,16,1,2,0,2
Direct Energy Test Automation,com.test.pageobjects,PageSupporter,0,18,0,0,0,6,0,1,0,1
Direct Energy Test Automation,com.test.support,Driver,3,0,0,0,1,0,1,0,1,0
Direct Energy Test Automation,com.test.support,Identifier,6,82,1,7,2,20,1,7,0,4
Direct Energy Test Automation,com.test.support,Configurations,6,49,1,5,2,15,1,6,0,4
Direct Energy Test Automation,com.test.support,Utility,11,0,2,0,4,0,3,0,2,0
Direct Energy Test Automation,com.test.support,TestRunnerInfo,5,99,1,9,3,24,1,7,0,3
Direct Energy Test Automation,com.test.support,Identifier.new FilenameFilter() {...},0,10,0,0,0,3,0,2,0,2
Direct Energy Test Automation,com.test.support,UIDriver,159,60,21,2,31,13,15,2,1,2
Direct Energy Test Automation,com.test.support,Settings,103,179,8,12,15,35,11,19,6,14
Direct Energy Test Automation,com.test.support,Status,3,0,0,0,1,0,1,0,1,0
Direct Energy Test Automation,com.test.report,TestReportTemplate,7,4,0,0,3,2,2,1,2,1
Direct Energy Test Automation,com.test.report,Logger,110,668,7,15,23,121,10,14,3,9
Direct Energy Test Automation,com.test.report,ReportTemplate,3,4,0,0,1,2,1,1,1,1
Direct Energy Test Automation,com.test.apitest,ApiTestRunner,2770,0,56,0,397,0,48,0,20,0
Direct Energy Test Automation,com.test.apitest,ApiTestHelper,307,0,20,0,57,0,19,0,9,0
